lat,lon,local_sla_trend,class
30.42,18.79,0.92,class_3
30.43,18.79,0.82,class_3
30.43,18.8,0.51,class_3
30.44,18.8,0.59,class_3
30.45,18.8,1.93,class_3
30.45,18.81,0.66,class_3
30.46,18.81,1.38,class_3
30.47,18.81,2.05,class_3
30.47,18.82,2.68,class_4
30.48,18.82,2.06,class_3
30.49,18.83,1.77,class_3
30.5,18.83,2.21,class_3
30.51,18.84,2.11,class_3
30.52,18.84,2.84,class_4
30.53,18.85,2.16,class_3
30.54,18.85,2.24,class_3
30.54,18.86,0.69,class_3
30.55,18.86,2.62,class_4
31.23,33.39,1.79,class_3
31.23,33.4,2.34,class_4
31.24,33.4,1.86,class_3
31.25,33.4,3.23,class_4
31.25,33.41,1.7,class_3
31.26,33.41,2.08,class_3
31.27,33.41,2.55,class_4
31.27,33.42,2.44,class_4
31.28,33.42,1.69,class_3
31.29,33.42,2.06,class_3
31.29,33.43,1.98,class_3
31.3,33.43,2.11,class_3
31.31,33.44,1.65,class_3
31.32,33.44,1.8,class_3
31.32,33.45,3.61,class_4
31.33,33.45,1.75,class_3
31.34,33.45,2.22,class_3
31.34,33.46,2.43,class_4
31.35,33.46,1.77,class_3
31.5,31.66,3.94,class_4
31.51,31.65,2.33,class_4
31.51,31.66,2.5,class_4
31.52,31.65,2.57,class_4
31.53,31.64,1.74,class_3
31.53,31.65,2.58,class_4
31.54,31.64,2.69,class_4
31.55,30.73,1.86,class_3
31.55,31.63,2.75,class_4
31.55,31.64,2.33,class_4
31.56,30.74,1.0,class_3
31.56,31.63,2.37,class_4
31.57,30.74,0.84,class_3
31.57,30.75,2.93,class_4
31.57,31.62,2.25,class_3
31.57,31.63,2.82,class_4
31.58,30.75,2.22,class_3
31.58,31.62,2.61,class_4
31.59,30.75,2.44,class_4
31.59,30.76,2.53,class_4
31.59,31.61,2.54,class_4
31.6,30.76,2.93,class_4
31.6,31.6,2.59,class_4
31.6,31.61,3.01,class_4
31.61,30.76,3.05,class_4
31.61,30.77,1.89,class_3
31.61,31.6,2.86,class_4
31.61,34.43,2.48,class_4
31.61,34.44,1.9,class_3
31.62,30.77,2.02,class_3
31.62,31.59,2.27,class_3
31.62,31.6,2.61,class_4
31.62,34.43,2.12,class_3
31.63,30.77,1.88,class_3
31.63,30.78,2.2,class_3
31.63,31.59,2.55,class_4
31.63,34.42,1.95,class_3
31.63,34.43,1.64,class_3
31.64,30.78,2.38,class_4
31.64,34.42,2.0,class_3
31.65,30.79,2.8,class_4
31.65,34.41,2.75,class_4
31.65,34.42,1.68,class_3
31.66,30.79,3.12,class_4
31.66,34.41,2.9,class_4
31.67,30.8,2.07,class_3
31.67,34.4,2.1,class_3
31.67,34.41,1.91,class_3
31.68,30.8,2.85,class_4
31.68,30.81,2.17,class_3
31.68,34.4,2.14,class_3
31.69,34.39,2.59,class_4
31.7,34.38,2.54,class_4
31.7,34.39,3.12,class_4
31.71,34.38,2.13,class_3
31.72,34.37,2.66,class_4
31.72,34.38,2.64,class_4
31.73,34.37,2.37,class_4
32.1,19.99,-1.12,class_2
32.11,19.99,1.2,class_3
32.12,19.98,1.62,class_3
32.13,19.98,2.4,class_4
32.14,19.97,2.26,class_3
32.15,19.97,2.69,class_4
32.16,19.96,3.35,class_4
32.17,19.95,3.51,class_4
32.17,19.96,3.03,class_4
32.18,19.95,2.87,class_4
32.19,19.94,3.26,class_4
32.19,19.95,2.4,class_4
32.2,19.94,3.01,class_4
32.21,19.93,3.09,class_4
32.21,19.94,2.97,class_4
32.22,19.93,2.54,class_4
32.81,13.93,2.44,class_4
32.82,13.92,1.09,class_3
32.82,13.93,-1.45,class_2
32.83,13.92,3.35,class_4
32.84,13.91,1.97,class_3
32.85,13.91,1.75,class_3
32.86,13.9,2.05,class_3
32.87,13.89,3.34,class_4
32.87,13.9,2.87,class_4
32.87,22.4,3.26,class_4
32.88,13.89,3.13,class_4
32.88,22.39,2.86,class_4
32.88,22.4,2.15,class_3
32.89,13.88,2.4,class_4
32.89,13.89,3.11,class_4
32.89,22.39,3.24,class_4
32.9,13.88,3.26,class_4
32.9,22.38,1.43,class_3
32.91,13.87,2.66,class_4
32.91,13.88,2.46,class_4
32.91,22.38,2.0,class_3
32.92,13.87,2.54,class_4
32.92,22.37,2.34,class_4
32.93,13.86,2.36,class_4
32.93,22.36,2.07,class_3
32.93,22.37,2.12,class_3
32.94,13.86,2.52,class_4
32.94,22.36,1.72,class_3
32.95,22.35,2.15,class_3
32.95,22.36,1.95,class_3
32.96,-8.83,1.8,class_3
32.96,22.35,1.66,class_3
32.97,-8.84,2.84,class_4
32.97,22.34,1.8,class_3
32.98,-8.84,2.34,class_4
32.98,22.33,1.16,class_3
32.98,22.34,1.37,class_3
32.99,-8.85,2.62,class_4
32.99,22.33,1.46,class_3
33.0,-8.86,0.51,class_3
33.0,-8.85,2.73,class_4
33.0,22.32,1.51,class_3
33.0,22.33,1.51,class_3
33.01,-8.86,1.62,class_3
33.01,22.32,1.46,class_3
33.02,-8.87,2.12,class_3
33.02,-8.86,2.04,class_3
33.02,22.31,1.25,class_3
33.02,22.32,1.87,class_3
33.03,-8.87,2.15,class_3
33.04,-8.88,2.92,class_4
33.04,-8.87,2.29,class_4
33.05,-8.88,3.5,class_4
33.06,-8.89,2.43,class_4
33.07,-8.89,2.88,class_4
33.08,-8.9,2.17,class_3
33.09,-8.91,1.38,class_3
33.09,-8.9,2.12,class_3
33.14,11.77,0.43,class_3
33.14,11.78,2.18,class_3
33.15,11.78,1.33,class_3
33.16,11.78,1.71,class_3
33.16,11.79,1.22,class_3
33.17,11.79,1.82,class_3
33.18,11.8,1.33,class_3
33.19,11.8,1.0,class_3
33.19,11.81,1.71,class_3
33.2,11.81,1.24,class_3
33.21,11.81,2.16,class_3
33.21,11.82,2.86,class_4
33.22,11.82,1.51,class_3
33.23,11.82,1.01,class_3
33.23,11.83,1.37,class_3
33.24,11.83,1.58,class_3
33.25,11.84,1.69,class_3
33.26,11.84,2.12,class_3
33.26,11.85,1.96,class_3
33.27,11.85,1.07,class_3
33.7,10.58,0.6,class_3
33.7,10.59,2.64,class_4
33.71,10.58,1.87,class_3
33.72,10.57,2.21,class_3
33.72,10.58,1.98,class_3
33.73,10.57,2.34,class_4
33.74,10.56,2.6,class_4
33.74,10.57,2.94,class_4
33.75,10.56,2.88,class_4
33.76,10.55,1.98,class_3
33.77,10.54,2.62,class_4
33.77,10.55,1.71,class_3
33.78,10.54,1.68,class_3
33.79,10.53,2.44,class_4
33.79,10.54,2.61,class_4
33.8,10.53,2.43,class_4
33.81,10.52,2.31,class_4
33.82,10.51,2.57,class_4
33.82,10.52,2.31,class_4
33.83,10.51,1.51,class_3
34.25,-6.74,2.02,class_3
34.26,-6.75,0.92,class_3
34.26,-6.74,2.35,class_4
34.27,-6.75,2.1,class_3
34.28,-6.76,1.92,class_3
34.29,-6.77,1.77,class_3
34.29,-6.76,2.74,class_4
34.3,-6.77,2.91,class_4
34.31,-6.78,2.32,class_4
34.31,-6.77,2.76,class_4
34.32,-6.78,2.18,class_3
34.33,-6.79,2.42,class_4
34.34,-6.8,1.83,class_3
34.34,-6.79,3.3,class_4
34.35,-6.8,3.66,class_4
34.36,-6.81,1.93,class_3
34.36,-6.8,1.63,class_3
34.37,-6.81,2.98,class_4
34.38,-6.81,3.84,class_4
34.38,35.7,5.78,class_5
34.39,35.69,3.62,class_4
34.39,35.7,4.05,class_4
34.4,35.69,2.35,class_4
34.41,35.68,4.11,class_4
34.42,35.67,2.91,class_4
34.42,35.68,3.72,class_4
34.43,35.67,3.22,class_4
34.44,35.66,3.38,class_4
34.44,35.67,2.74,class_4
34.45,35.66,3.3,class_4
34.46,35.65,2.83,class_4
34.47,35.64,3.21,class_4
34.47,35.65,2.47,class_4
34.48,35.64,3.45,class_4
34.49,35.63,2.68,class_4
34.49,35.64,3.29,class_4
34.5,35.63,2.14,class_3
34.51,35.62,2.79,class_4
34.51,35.63,3.57,class_4
34.54,32.43,2.63,class_4
34.55,32.43,4.24,class_4
34.55,32.44,3.07,class_4
34.56,32.44,2.75,class_4
34.57,32.45,2.58,class_4
34.58,32.45,2.54,class_4
34.58,32.46,3.31,class_4
34.59,32.46,3.25,class_4
34.6,32.46,1.6,class_3
34.6,32.47,3.02,class_4
34.61,32.47,2.56,class_4
34.62,32.48,2.68,class_4
34.63,32.48,2.42,class_4
34.63,32.49,1.92,class_3
34.64,32.49,1.98,class_3
34.65,32.49,2.43,class_4
34.65,32.5,2.56,class_4
35.02,24.21,2.0,class_3
35.02,24.22,1.33,class_3
35.03,24.22,1.76,class_3
35.04,24.22,1.47,class_3
35.04,24.23,2.4,class_4
35.05,24.23,1.68,class_3
35.06,24.24,1.86,class_3
35.07,24.24,1.67,class_3
35.07,24.25,1.28,class_3
35.08,24.25,1.7,class_3
35.09,24.25,0.53,class_3
35.09,24.26,1.26,class_3
35.1,24.26,1.41,class_3
35.11,24.27,1.32,class_3
35.11,32.43,2.75,class_4
35.12,24.27,0.11,class_2
35.12,24.28,2.26,class_3
35.12,32.42,3.12,class_4
35.12,32.43,3.09,class_4
35.13,24.28,0.67,class_3
35.13,32.41,2.96,class_4
35.13,32.42,3.17,class_4
35.14,24.28,-0.23,class_2
35.14,24.29,-0.09,class_2
35.14,32.41,3.4,class_4
35.15,24.29,-0.04,class_2
35.15,32.4,3.18,class_4
35.15,32.41,1.53,class_3
35.16,24.3,0.48,class_3
35.16,32.4,3.29,class_4
35.17,-4.46,0.15,class_2
35.17,-4.45,-0.56,class_2
35.17,32.39,3.81,class_4
35.17,32.4,4.13,class_4
35.18,-4.46,0.66,class_3
35.18,32.38,3.57,class_4
35.18,32.39,4.15,class_4
35.19,-4.47,-0.3,class_2
35.19,32.38,3.74,class_4
35.2,-4.48,1.25,class_3
35.2,-4.47,-1.03,class_2
35.2,32.37,3.42,class_4
35.2,32.38,2.47,class_4
35.21,-4.48,0.69,class_3
35.21,32.37,3.46,class_4
35.22,-4.49,-0.81,class_2
35.22,-4.48,0.27,class_3
35.22,-1.65,5.33,class_5
35.22,32.36,3.83,class_4
35.23,-4.49,-0.23,class_2
35.23,-1.66,3.03,class_4
35.23,-1.65,3.79,class_4
35.24,-4.5,0.12,class_2
35.24,-1.67,2.36,class_4
35.24,-1.66,3.19,class_4
35.25,-4.51,0.16,class_2
35.25,-4.5,-0.89,class_2
35.25,-1.67,2.2,class_3
35.26,-4.51,0.25,class_3
35.26,-1.68,1.64,class_3
35.26,-1.67,2.09,class_3
35.27,-4.52,0.59,class_3
35.27,-4.51,0.05,class_2
35.27,-1.68,2.97,class_4
35.28,-4.52,1.1,class_3
35.28,-1.69,2.55,class_4
35.29,-4.53,0.38,class_3
35.29,-1.7,3.39,class_4
35.29,-1.69,2.79,class_4
35.3,-4.54,1.0,class_3
35.3,-4.53,0.24,class_3
35.3,-1.7,2.29,class_4
35.31,-4.54,0.98,class_3
35.31,-1.71,2.92,class_4
35.31,-1.7,2.32,class_4
35.32,-4.55,0.58,class_3
35.32,-4.54,1.38,class_3
35.32,-1.71,2.28,class_3
35.32,35.74,2.59,class_4
35.33,-1.72,2.28,class_3
35.33,35.74,1.99,class_3
35.34,-1.73,2.92,class_4
35.34,-1.72,2.3,class_4
35.34,35.74,2.98,class_4
35.34,35.75,2.18,class_3
35.35,-1.73,2.2,class_3
35.35,35.75,2.5,class_4
35.36,-1.74,2.35,class_4
35.36,-1.73,1.73,class_3
35.36,35.76,2.56,class_4
35.37,-1.74,2.74,class_4
35.37,35.76,2.28,class_3
35.37,35.77,1.55,class_3
35.38,35.77,2.96,class_4
35.39,35.77,3.0,class_4
35.39,35.78,2.0,class_3
35.4,32.95,1.67,class_3
35.4,35.78,2.8,class_4
35.4,35.79,3.03,class_4
35.41,32.95,1.28,class_3
35.41,32.96,0.1,class_2
35.41,35.79,2.24,class_3
35.42,32.96,0.1,class_2
35.42,35.79,2.4,class_4
35.42,35.8,1.34,class_3
35.43,32.96,1.33,class_3
35.43,32.97,0.66,class_3
35.43,35.8,1.13,class_3
35.44,32.97,0.08,class_2
35.45,32.98,1.12,class_3
35.46,32.98,1.1,class_3
35.46,32.99,1.86,class_3
35.47,32.99,0.91,class_3
35.48,32.99,0.03,class_2
35.48,33.0,0.28,class_3
35.49,33.0,0.05,class_2
35.49,33.01,0.66,class_3
35.5,33.01,0.33,class_3
35.51,33.01,0.32,class_3
35.51,33.02,0.83,class_3
35.52,33.02,0.61,class_3
35.53,33.03,0.91,class_3
35.54,33.03,0.55,class_3
35.54,33.04,0.44,class_3
35.55,33.04,0.49,class_3
35.58,23.64,0.78,class_3
35.59,23.63,2.45,class_4
35.59,23.64,-0.29,class_2
35.6,23.62,2.9,class_4
35.6,23.63,2.15,class_3
35.61,23.62,2.56,class_4
35.62,23.61,1.88,class_3
35.62,23.62,1.91,class_3
35.63,23.61,2.57,class_4
35.64,23.6,2.32,class_4
35.65,23.59,3.74,class_4
35.65,23.6,3.43,class_4
35.66,23.59,2.67,class_4
35.67,23.58,1.34,class_3
35.67,23.59,3.35,class_4
35.68,23.58,1.68,class_3
35.69,23.57,1.28,class_3
35.7,23.56,2.01,class_3
35.7,23.57,2.36,class_4
35.71,23.56,1.85,class_3
35.72,23.55,1.36,class_3
35.72,23.56,2.16,class_3
35.95,33.29,2.13,class_3
35.96,33.29,2.64,class_4
35.97,10.62,0.01,class_2
35.97,33.3,2.02,class_3
35.98,10.63,2.05,class_3
35.98,33.3,2.46,class_4
35.98,33.31,2.13,class_3
35.99,10.63,0.9,class_3
35.99,10.64,1.25,class_3
35.99,33.31,1.63,class_3
36.0,10.64,1.9,class_3
36.0,33.32,1.96,class_3
36.01,10.64,0.89,class_3
36.01,10.65,1.75,class_3
36.01,33.32,1.81,class_3
36.01,33.33,3.02,class_4
36.02,10.65,2.13,class_3
36.02,10.66,2.43,class_4
36.02,33.33,2.18,class_3
36.03,10.66,3.14,class_4
36.03,33.33,0.98,class_3
36.03,33.34,1.85,class_3
36.04,10.66,1.31,class_3
36.04,10.67,3.06,class_4
36.04,33.34,2.4,class_4
36.05,10.67,2.62,class_4
36.05,33.35,2.57,class_4
36.06,10.68,2.16,class_3
36.06,33.35,3.02,class_4
36.06,33.36,2.42,class_4
36.07,10.68,1.99,class_3
36.07,10.69,1.42,class_3
36.07,33.36,3.23,class_4
36.08,10.69,2.4,class_4
36.08,33.36,2.32,class_4
36.08,33.37,2.49,class_4
36.09,33.37,2.69,class_4
36.09,33.38,2.89,class_4
36.1,33.38,2.92,class_4
36.16,-6.27,2.77,class_4
36.17,-6.26,2.79,class_4
36.18,-6.26,3.8,class_4
36.18,-6.25,3.51,class_4
36.19,-6.25,3.02,class_4
36.2,-6.25,3.08,class_4
36.2,-6.24,2.97,class_4
36.21,-6.24,2.95,class_4
36.21,-6.23,2.03,class_3
36.22,-6.23,2.36,class_4
36.23,-6.22,3.18,class_4
36.24,-6.22,2.38,class_4
36.24,-6.21,3.38,class_4
36.25,-6.21,2.27,class_3
36.26,-6.21,2.82,class_4
36.26,-6.2,2.8,class_4
36.27,-6.2,1.58,class_3
36.27,0.53,4.48,class_5
36.27,0.54,2.49,class_4
36.27,23.21,1.74,class_3
36.28,-6.19,3.45,class_4
36.28,0.53,4.65,class_5
36.28,23.2,1.59,class_3
36.28,23.21,0.44,class_3
36.29,0.52,2.78,class_4
36.29,23.2,2.18,class_3
36.3,0.51,3.14,class_4
36.3,0.52,3.28,class_4
36.3,23.19,1.78,class_3
36.31,0.51,2.84,class_4
36.31,23.18,2.6,class_4
36.31,23.19,1.52,class_3
36.32,0.5,3.14,class_4
36.32,0.51,2.1,class_3
36.32,23.18,2.1,class_3
36.33,0.49,1.96,class_3
36.33,0.5,3.51,class_4
36.33,23.17,2.3,class_4
36.33,23.18,3.93,class_4
36.34,0.49,2.38,class_4
36.34,23.16,2.88,class_4
36.34,23.17,2.12,class_3
36.35,0.48,2.94,class_4
36.35,0.49,2.7,class_4
36.35,23.16,1.64,class_3
36.36,0.48,3.1,class_4
36.36,23.15,2.26,class_3
36.36,23.16,1.86,class_3
36.37,0.47,2.78,class_4
36.37,23.15,2.32,class_4
36.38,0.46,3.3,class_4
36.38,0.47,2.37,class_4
36.38,23.14,2.24,class_3
36.39,0.46,2.55,class_4
36.39,23.13,1.72,class_3
36.39,23.14,0.73,class_3
36.4,0.45,2.32,class_4
36.4,0.46,2.79,class_4
36.4,23.13,1.75,class_3
36.4,27.9,3.23,class_4
36.41,0.44,1.87,class_3
36.41,0.45,2.7,class_4
36.41,27.9,3.24,class_4
36.41,27.91,2.38,class_4
36.42,0.44,2.15,class_3
36.42,27.91,2.84,class_4
36.43,27.92,2.94,class_4
36.44,27.92,2.98,class_4
36.44,27.93,3.02,class_4
36.45,22.26,1.51,class_3
36.45,27.93,3.74,class_4
36.46,22.27,1.53,class_3
36.46,27.93,3.91,class_4
36.46,27.94,2.62,class_4
36.47,22.27,0.6,class_3
36.47,22.28,1.3,class_3
36.47,27.94,2.77,class_4
36.47,27.95,3.5,class_4
36.48,22.28,1.62,class_3
36.48,27.95,3.12,class_4
36.49,22.28,0.17,class_2
36.49,22.29,1.22,class_3
36.49,27.95,3.16,class_4
36.49,27.96,2.76,class_4
36.5,22.29,1.58,class_3
36.5,22.3,2.04,class_3
36.5,27.96,2.58,class_4
36.51,22.3,1.86,class_3
36.51,27.97,2.86,class_4
36.52,22.3,2.28,class_3
36.52,22.31,2.2,class_3
36.52,27.97,2.49,class_4
36.52,27.98,1.99,class_3
36.53,22.31,2.01,class_3
36.53,27.98,2.27,class_3
36.54,22.32,2.7,class_4
36.54,27.98,2.88,class_4
36.54,27.99,2.82,class_4
36.55,22.32,2.36,class_4
36.55,22.33,-0.04,class_2
36.55,27.99,2.81,class_4
36.56,22.33,1.66,class_3
36.57,22.33,1.01,class_3
36.57,22.34,2.67,class_4
36.58,-3.17,2.34,class_4
36.58,22.34,2.86,class_4
36.58,22.35,2.89,class_4
36.58,31.52,2.32,class_4
36.59,-3.16,2.9,class_4
36.59,22.35,2.27,class_3
36.59,31.51,3.73,class_4
36.59,31.52,2.15,class_3
36.6,-3.16,2.6,class_4
36.6,-3.15,3.74,class_4
36.6,22.35,2.68,class_4
36.6,22.36,3.14,class_4
36.6,31.5,2.5,class_4
36.6,31.51,2.46,class_4
36.61,-3.15,2.21,class_3
36.61,22.36,4.04,class_4
36.61,31.5,2.01,class_3
36.62,-3.15,2.43,class_4
36.62,-3.14,1.88,class_3
36.62,31.49,2.15,class_3
36.62,31.5,2.76,class_4
36.63,-3.14,1.77,class_3
36.63,-3.13,2.18,class_3
36.63,28.65,2.02,class_3
36.63,31.49,2.56,class_4
36.64,-3.13,2.04,class_3
36.64,28.64,2.06,class_3
36.64,28.65,2.59,class_4
36.64,31.48,2.74,class_4
36.65,-3.13,2.35,class_4
36.65,-3.12,1.47,class_3
36.65,28.64,2.92,class_4
36.65,31.47,3.02,class_4
36.65,31.48,2.24,class_3
36.66,-3.12,1.52,class_3
36.66,28.63,1.45,class_3
36.66,28.64,3.08,class_4
36.66,31.46,1.78,class_3
36.66,31.47,2.04,class_3
36.67,-3.11,2.24,class_3
36.67,28.62,2.73,class_4
36.67,28.63,2.04,class_3
36.67,31.46,2.1,class_3
36.68,-3.11,2.44,class_4
36.68,-3.1,2.08,class_3
36.68,28.62,2.01,class_3
36.68,31.45,2.6,class_4
36.68,31.46,1.89,class_3
36.69,-3.1,2.64,class_4
36.69,-3.09,1.8,class_3
36.69,28.61,1.53,class_3
36.69,28.62,0.92,class_3
36.69,30.92,2.77,class_4
36.69,31.45,1.65,class_3
36.7,-3.09,1.31,class_3
36.7,28.6,2.02,class_3
36.7,28.61,2.56,class_4
36.7,30.92,2.31,class_4
36.7,30.93,1.88,class_3
36.71,-3.09,2.32,class_4
36.71,28.6,1.45,class_3
36.71,30.93,2.78,class_4
36.72,28.59,0.53,class_3
36.72,28.6,1.34,class_3
36.72,30.93,2.54,class_4
36.72,30.94,2.61,class_4
36.73,28.59,0.33,class_3
36.73,30.94,2.07,class_3
36.73,30.95,2.17,class_3
36.74,28.58,-0.05,class_2
36.74,30.95,1.84,class_3
36.75,28.57,0.1,class_2
36.75,28.58,-0.17,class_2
36.75,30.95,2.64,class_4
36.75,30.96,2.35,class_4
36.76,28.57,1.1,class_3
36.76,30.96,1.91,class_3
36.76,30.97,2.81,class_4
36.77,28.56,1.18,class_3
36.77,30.97,2.55,class_4
36.78,30.97,2.91,class_4
36.78,30.98,1.95,class_3
36.79,30.98,2.25,class_3
36.8,25.32,2.13,class_3
36.8,30.99,2.7,class_4
36.81,25.32,1.77,class_3
36.81,25.33,0.74,class_3
36.81,30.99,1.72,class_3
36.81,31.0,0.99,class_3
36.82,25.33,1.64,class_3
36.83,3.01,1.16,class_3
36.83,25.34,1.68,class_3
36.84,3.01,1.89,class_3
36.84,25.34,2.25,class_3
36.84,25.35,1.79,class_3
36.85,3.0,2.33,class_4
36.85,25.35,2.1,class_3
36.86,2.99,3.15,class_4
36.86,3.0,2.69,class_4
36.86,5.83,0.85,class_3
36.86,25.35,2.01,class_3
36.86,25.36,1.79,class_3
36.87,2.99,2.88,class_4
36.87,5.82,3.49,class_4
36.87,5.83,0.64,class_3
36.87,25.36,1.93,class_3
36.87,25.37,2.44,class_4
36.88,2.98,2.53,class_4
36.88,5.81,0.36,class_3
36.88,5.82,0.89,class_3
36.88,25.37,2.16,class_3
36.89,2.97,4.05,class_4
36.89,2.98,2.71,class_4
36.89,5.81,2.01,class_3
36.89,25.37,2.88,class_4
36.89,25.38,2.18,class_3
36.9,2.97,3.06,class_4
36.9,5.8,1.74,class_3
36.9,5.81,1.91,class_3
36.9,25.38,1.98,class_3
36.91,2.96,2.5,class_4
36.91,2.97,2.05,class_3
36.91,5.8,2.16,class_3
36.91,25.39,2.37,class_4
36.92,2.95,3.85,class_4
36.92,2.96,2.42,class_4
36.92,5.79,1.49,class_3
36.92,25.39,3.18,class_4
36.92,25.4,2.14,class_3
36.93,2.95,3.53,class_4
36.93,5.78,1.12,class_3
36.93,5.79,1.02,class_3
36.93,14.07,3.02,class_4
36.93,25.4,2.86,class_4
36.94,-8.61,2.3,class_4
36.94,2.94,2.45,class_4
36.94,2.95,3.36,class_4
36.94,5.78,1.64,class_3
36.94,14.07,3.34,class_4
36.94,25.41,2.6,class_4
36.95,-8.6,1.9,class_3
36.95,2.94,2.42,class_4
36.95,5.77,2.69,class_4
36.95,8.6,3.04,class_4
36.95,8.61,4.14,class_4
36.95,14.07,3.84,class_4
36.95,14.08,2.64,class_4
36.95,25.41,2.97,class_4
36.95,25.42,3.01,class_4
36.96,-8.6,3.02,class_4
36.96,-8.59,2.6,class_4
36.96,2.93,3.26,class_4
36.96,5.76,2.05,class_3
36.96,5.77,1.78,class_3
36.96,8.6,3.36,class_4
36.96,14.08,2.78,class_4
36.97,-8.59,2.56,class_4
36.97,2.92,2.8,class_4
36.97,2.93,3.0,class_4
36.97,5.76,2.21,class_3
36.97,8.59,2.5,class_4
36.97,8.6,4.2,class_4
36.97,14.09,2.82,class_4
36.98,-8.58,2.48,class_4
36.98,2.92,2.77,class_4
36.98,5.75,1.59,class_3
36.98,5.76,2.25,class_3
36.98,8.59,3.2,class_4
36.98,14.09,2.54,class_4
36.98,14.1,2.98,class_4
36.99,-8.58,2.1,class_3
36.99,-8.57,2.07,class_3
36.99,8.58,2.38,class_4
36.99,14.1,2.85,class_4
37.0,-8.57,2.5,class_4
37.0,8.57,2.5,class_4
37.0,8.58,2.02,class_3
37.0,14.11,2.35,class_4
37.01,-8.57,3.1,class_4
37.01,-8.56,2.75,class_4
37.01,8.56,2.83,class_4
37.01,8.57,2.31,class_4
37.01,14.11,2.15,class_3
37.01,14.12,2.66,class_4
37.02,-8.56,2.32,class_4
37.02,-8.55,1.58,class_3
37.02,8.56,1.77,class_3
37.02,14.12,2.6,class_4
37.03,-8.55,1.82,class_3
37.03,8.55,1.95,class_3
37.03,8.56,1.21,class_3
37.03,14.13,2.64,class_4
37.04,-8.54,1.71,class_3
37.04,8.55,1.94,class_3
37.04,14.13,3.41,class_4
37.04,14.14,2.16,class_3
37.05,-8.54,1.7,class_3
37.05,-8.53,2.86,class_4
37.05,8.54,2.25,class_3
37.05,14.14,2.52,class_4
37.06,-8.53,2.35,class_4
37.06,8.53,1.66,class_3
37.06,8.54,2.42,class_4
37.07,-8.53,2.66,class_4
37.07,-8.52,0.67,class_3
37.07,8.53,2.14,class_3
37.08,-8.52,1.02,class_3
37.08,8.52,2.04,class_3
37.09,8.51,1.41,class_3
37.09,8.52,1.5,class_3
37.1,8.51,1.7,class_3
37.22,25.59,1.56,class_3
37.23,25.59,3.28,class_4
37.23,25.6,2.63,class_4
37.24,25.6,2.66,class_4
37.25,25.61,2.75,class_4
37.26,25.61,2.95,class_4
37.26,25.62,3.35,class_4
37.27,25.62,2.68,class_4
37.28,25.62,3.92,class_4
37.28,25.63,3.71,class_4
37.29,25.63,2.76,class_4
37.29,25.64,3.08,class_4
37.3,25.64,3.0,class_4
37.31,25.65,3.07,class_4
37.32,25.65,3.18,class_4
37.32,25.66,3.43,class_4
37.33,25.66,2.9,class_4
37.34,25.67,3.3,class_4
37.41,22.88,2.65,class_4
37.42,22.88,3.18,class_4
37.42,22.89,1.91,class_3
37.43,22.89,2.54,class_4
37.44,22.9,3.34,class_4
37.45,22.9,3.13,class_4
37.45,22.91,2.16,class_3
37.46,22.91,3.28,class_4
37.47,22.91,2.04,class_3
37.47,22.92,2.74,class_4
37.66,-8.86,2.67,class_4
37.67,-8.87,2.81,class_4
37.68,-8.88,4.21,class_4
37.68,-8.87,4.02,class_4
37.69,-8.88,2.03,class_3
37.7,-8.89,1.64,class_3
37.71,-8.9,0.82,class_3
37.71,-8.89,1.43,class_3
37.72,-8.91,1.29,class_3
37.72,-8.9,1.14,class_3
37.73,-8.91,2.15,class_3
37.74,-8.92,2.86,class_4
37.74,-8.91,1.85,class_3
37.75,-8.92,2.52,class_4
37.76,-8.93,2.18,class_3
37.77,-8.94,1.86,class_3
37.77,-8.93,2.32,class_4
37.78,-8.94,2.12,class_3
37.89,-0.51,3.01,class_4
37.9,-0.52,3.18,class_4
37.9,-0.51,2.69,class_4
37.91,-0.53,1.09,class_3
37.91,-0.52,1.95,class_3
37.92,-0.53,1.36,class_3
37.93,-0.54,1.83,class_3
37.94,-0.55,2.0,class_3
37.94,-0.54,1.04,class_3
37.95,-0.55,1.77,class_3
37.96,-0.56,2.44,class_4
37.97,-0.57,0.47,class_3
37.97,-0.56,1.78,class_3
37.98,-0.57,1.49,class_3
37.99,-0.58,1.13,class_3
38.0,-0.58,0.84,class_3
38.1,26.17,2.62,class_4
38.11,26.17,3.08,class_4
38.11,26.18,2.47,class_4
38.12,13.5,2.05,class_3
38.12,13.51,1.21,class_3
38.12,26.18,2.33,class_4
38.12,26.19,2.3,class_4
38.13,13.5,1.95,class_3
38.13,26.19,2.3,class_4
38.14,13.49,2.8,class_4
38.14,13.5,2.03,class_3
38.14,26.19,3.23,class_4
38.14,26.2,2.4,class_4
38.15,13.49,1.86,class_3
38.15,26.2,2.18,class_3
38.15,26.21,2.86,class_4
38.16,13.48,1.39,class_3
38.16,26.21,2.83,class_4
38.17,13.47,1.0,class_3
38.17,13.48,0.61,class_3
38.17,26.21,3.91,class_4
38.17,26.22,2.84,class_4
38.18,13.47,1.99,class_3
38.18,26.22,2.99,class_4
38.18,26.23,2.08,class_3
38.19,13.46,2.09,class_3
38.19,26.23,2.3,class_4
38.2,13.45,2.79,class_4
38.2,13.46,2.93,class_4
38.2,26.23,2.24,class_3
38.2,26.24,2.8,class_4
38.21,13.45,1.87,class_3
38.21,26.24,2.37,class_4
38.22,13.44,1.83,class_3
38.22,26.25,2.63,class_4
38.23,13.43,2.53,class_4
38.23,13.44,2.54,class_4
38.23,26.25,2.01,class_3
38.23,26.26,3.18,class_4
38.24,13.42,1.57,class_3
38.24,13.43,2.39,class_4
38.24,26.26,2.16,class_3
38.25,13.42,2.47,class_4
38.25,26.27,1.76,class_3
38.26,13.41,3.06,class_4
38.26,13.42,2.67,class_4
38.27,13.4,2.96,class_4
38.27,13.41,2.85,class_4
38.54,20.79,1.94,class_3
38.54,20.8,2.62,class_4
38.55,20.8,2.54,class_4
38.55,20.81,1.8,class_3
38.56,20.81,1.98,class_3
38.57,20.82,2.29,class_4
38.58,20.82,2.84,class_4
38.58,20.83,3.78,class_4
38.59,20.83,2.31,class_4
38.6,20.84,1.66,class_3
38.61,20.84,2.24,class_3
38.61,20.85,2.16,class_3
38.62,20.85,1.24,class_3
38.63,20.86,1.23,class_3
38.64,20.86,2.74,class_4
38.64,20.87,3.22,class_4
38.65,20.87,3.55,class_4
38.66,20.88,1.99,class_3
38.67,20.88,2.62,class_4
38.67,20.89,1.57,class_3
38.68,20.89,1.72,class_3
38.68,26.56,0.67,class_3
38.68,26.57,3.27,class_4
38.69,26.57,2.02,class_3
38.7,26.57,2.35,class_4
38.7,26.58,1.98,class_3
38.71,26.58,1.49,class_3
38.71,26.59,2.27,class_3
38.72,26.59,2.71,class_4
38.73,26.59,1.71,class_3
38.73,26.6,2.16,class_3
38.74,15.92,2.47,class_4
38.74,26.6,1.71,class_3
38.74,26.61,2.31,class_4
38.75,15.91,2.65,class_4
38.75,15.92,1.39,class_3
38.75,26.61,2.2,class_3
38.76,15.91,2.28,class_3
38.76,26.61,2.29,class_4
38.76,26.62,1.97,class_3
38.77,15.9,2.8,class_4
38.77,26.62,2.11,class_3
38.77,26.63,2.2,class_3
38.78,15.89,1.76,class_3
38.78,15.9,2.9,class_4
38.78,26.63,2.15,class_3
38.79,15.89,2.72,class_4
38.79,26.63,2.56,class_4
38.79,26.64,2.88,class_4
38.8,15.88,3.16,class_4
38.8,26.64,2.33,class_4
38.8,26.65,3.48,class_4
38.81,15.87,1.88,class_3
38.81,15.88,2.58,class_4
38.81,26.65,2.87,class_4
38.82,15.86,3.61,class_4
38.82,15.87,1.84,class_3
38.83,15.86,2.9,class_4
38.84,15.85,2.05,class_3
38.84,15.86,0.84,class_3
38.84,26.67,2.68,class_4
38.85,15.84,1.46,class_3
38.85,15.85,2.21,class_3
38.85,26.68,2.77,class_4
38.86,15.84,1.8,class_3
38.86,26.68,2.53,class_4
38.86,26.69,1.54,class_3
38.87,26.69,2.07,class_3
38.88,26.7,2.12,class_3
38.89,26.7,1.98,class_3
38.89,26.71,2.55,class_4
38.9,26.71,3.04,class_4
38.91,26.72,2.94,class_4
38.92,26.72,2.93,class_4
38.92,26.73,2.89,class_4
38.93,26.73,2.19,class_3
38.94,26.74,1.97,class_3
38.95,26.75,1.66,class_3
38.96,26.75,1.9,class_3
38.96,26.76,1.5,class_3
38.97,26.76,0.58,class_3
38.98,26.77,-1.3,class_2
39.4,9.79,1.94,class_3
39.41,9.78,2.13,class_3
39.41,9.79,1.68,class_3
39.42,9.78,2.26,class_3
39.43,9.77,0.84,class_3
39.43,9.78,1.35,class_3
39.43,15.74,2.3,class_4
39.43,15.75,2.23,class_3
39.44,9.76,2.8,class_4
39.44,9.77,1.47,class_3
39.44,15.75,2.71,class_4
39.45,9.76,1.56,class_3
39.45,15.75,2.89,class_4
39.45,15.76,2.19,class_3
39.46,9.75,1.85,class_3
39.46,9.76,2.03,class_3
39.46,15.76,2.67,class_4
39.46,15.77,2.08,class_3
39.47,9.74,1.4,class_3
39.47,9.75,1.82,class_3
39.47,15.77,1.41,class_3
39.48,9.74,2.25,class_3
39.48,15.78,2.42,class_4
39.49,9.73,1.0,class_3
39.49,9.74,2.07,class_3
39.49,15.78,1.5,class_3
39.49,15.79,2.0,class_3
39.5,9.72,1.29,class_3
39.5,9.73,1.48,class_3
39.5,15.79,1.65,class_3
39.51,9.71,2.15,class_3
39.51,9.72,1.24,class_3
39.51,15.8,1.49,class_3
39.52,9.71,1.56,class_3
39.52,15.8,1.12,class_3
39.52,15.81,1.35,class_3
39.53,9.7,0.79,class_3
39.53,9.71,1.62,class_3
39.53,15.81,1.37,class_3
39.53,15.82,0.5,class_3
39.54,15.82,1.4,class_3
39.55,15.83,2.08,class_3
39.56,15.83,3.17,class_4
39.56,15.84,0.24,class_3
40.23,26.21,2.75,class_4
40.24,26.2,2.9,class_4
40.25,26.19,3.36,class_4
40.25,26.2,2.9,class_4
40.26,26.18,2.32,class_4
40.26,26.19,3.36,class_4
40.27,26.18,3.72,class_4
40.28,26.17,2.76,class_4
40.28,26.18,3.21,class_4
40.29,26.16,3.14,class_4
40.29,26.17,2.62,class_4
40.3,26.16,2.83,class_4
40.31,26.15,1.72,class_3
40.32,26.14,3.04,class_4
40.32,26.15,3.16,class_4
40.33,26.13,1.64,class_3
40.33,26.14,1.94,class_3
40.34,26.13,1.82,class_3
40.35,26.12,-0.12,class_2
40.38,19.26,2.18,class_3
40.39,19.26,2.34,class_4
40.39,19.27,2.74,class_4
40.4,19.27,2.32,class_4
40.41,19.28,2.59,class_4
40.42,19.28,2.7,class_4
40.42,19.29,2.44,class_4
40.43,19.29,4.14,class_4
40.43,19.3,5.1,class_5
40.44,19.3,3.08,class_4
40.44,19.31,3.2,class_4
40.45,19.31,2.94,class_4
40.46,19.31,3.18,class_4
40.46,19.32,2.31,class_4
40.47,19.32,2.96,class_4
40.47,19.33,1.58,class_3
40.48,19.33,2.91,class_4
40.49,19.34,2.6,class_4
40.5,19.34,2.49,class_4
40.5,19.35,2.32,class_4
40.51,19.35,1.79,class_3
40.56,8.05,3.22,class_4
40.57,8.06,2.57,class_4
40.58,8.06,2.64,class_4
40.58,8.07,2.53,class_4
40.59,8.07,1.98,class_3
40.59,8.08,1.36,class_3
40.6,8.08,3.24,class_4
40.61,8.09,3.01,class_4
40.62,8.09,3.03,class_4
40.62,8.1,2.54,class_4
40.63,8.1,3.65,class_4
40.64,8.11,3.59,class_4
40.65,8.11,4.71,class_5
40.65,8.12,3.74,class_4
40.66,8.12,3.03,class_4
40.66,8.13,2.82,class_4
40.67,8.13,3.82,class_4
40.67,8.14,5.04,class_5
40.68,8.14,4.51,class_5
40.69,8.14,3.72,class_4
40.69,8.15,3.29,class_4
40.7,8.15,3.67,class_4
40.7,8.16,4.6,class_5
40.75,-8.81,1.95,class_3
40.76,-8.81,1.62,class_3
40.77,-8.8,1.29,class_3
40.78,-8.8,0.81,class_3
40.78,-8.79,1.55,class_3
40.78,13.88,1.29,class_3
40.78,25.22,2.51,class_4
40.79,-8.79,1.71,class_3
40.79,-8.78,0.4,class_3
40.79,13.89,2.42,class_4
40.79,25.23,3.54,class_4
40.8,-8.78,1.5,class_3
40.8,13.89,2.77,class_4
40.8,13.9,2.67,class_4
40.8,25.23,3.12,class_4
40.8,25.24,3.71,class_4
40.81,-8.78,0.89,class_3
40.81,-8.77,0.58,class_3
40.81,13.9,3.9,class_4
40.81,13.91,2.89,class_4
40.81,25.24,3.47,class_4
40.81,25.25,2.86,class_4
40.82,-8.77,-0.06,class_2
40.82,-8.76,0.44,class_3
40.82,13.91,2.83,class_4
40.82,13.92,2.02,class_3
40.82,25.25,3.33,class_4
40.83,-8.76,1.59,class_3
40.83,-8.75,-0.43,class_2
40.83,13.92,2.68,class_4
40.83,25.26,3.95,class_4
40.84,-8.75,1.02,class_3
40.84,13.92,2.91,class_4
40.84,13.93,2.71,class_4
40.84,25.26,3.18,class_4
40.84,25.27,2.98,class_4
40.85,-8.74,0.78,class_3
40.85,13.93,2.24,class_3
40.85,13.94,2.85,class_4
40.85,25.27,2.93,class_4
40.85,25.28,2.54,class_4
40.86,-8.74,2.1,class_3
40.86,-8.73,0.66,class_3
40.86,13.94,2.84,class_4
40.86,25.28,3.32,class_4
40.87,-8.73,0.68,class_3
40.87,13.95,1.98,class_3
40.87,25.28,2.6,class_4
40.87,25.29,3.08,class_4
40.88,-8.72,0.36,class_3
40.88,13.95,2.92,class_4
40.88,13.96,1.18,class_3
40.88,25.29,3.72,class_4
40.88,25.3,3.26,class_4
40.89,13.96,1.38,class_3
40.89,13.97,2.05,class_3
40.89,25.3,2.86,class_4
40.89,25.31,1.65,class_3
40.9,25.31,2.5,class_4
40.92,8.31,2.0,class_3
40.92,8.32,1.48,class_3
40.93,8.32,2.1,class_3
40.93,8.33,1.34,class_3
40.94,8.33,1.23,class_3
40.94,8.68,2.04,class_3
40.95,8.34,1.88,class_3
40.95,8.67,2.3,class_4
40.95,8.68,1.77,class_3
40.96,8.34,2.87,class_4
40.96,8.35,1.6,class_3
40.96,8.66,2.84,class_4
40.96,8.67,3.23,class_4
40.97,8.35,2.84,class_4
40.97,8.36,1.54,class_3
40.97,8.65,2.2,class_3
40.97,8.66,3.15,class_4
40.98,8.36,2.53,class_4
40.98,8.37,0.91,class_3
40.98,8.65,2.87,class_4
40.99,8.37,2.28,class_3
40.99,8.64,2.45,class_4
40.99,8.65,3.76,class_4
41.0,8.37,2.21,class_3
41.0,8.38,1.68,class_3
41.0,8.63,2.76,class_4
41.0,8.64,1.94,class_3
41.01,8.38,1.26,class_3
41.01,8.39,2.56,class_4
41.01,8.63,2.36,class_4
41.02,8.39,2.43,class_4
41.02,8.62,1.78,class_3
41.03,8.4,2.26,class_3
41.03,8.61,3.12,class_4
41.03,8.62,1.66,class_3
41.04,8.6,2.25,class_3
41.04,8.61,2.55,class_4
41.05,8.6,2.78,class_4
41.06,8.59,2.72,class_4
41.07,8.58,3.03,class_4
41.07,8.59,3.12,class_4
41.14,17.03,0.92,class_3
41.14,17.04,1.19,class_3
41.15,17.02,1.0,class_3
41.15,17.03,0.82,class_3
41.16,17.02,1.28,class_3
41.17,17.01,1.82,class_3
41.17,17.02,2.0,class_3
41.18,17.0,2.6,class_4
41.18,17.01,3.26,class_4
41.19,16.99,2.55,class_4
41.19,17.0,3.07,class_4
41.2,16.99,3.45,class_4
41.21,16.98,2.5,class_4
41.22,16.97,2.33,class_4
41.22,16.98,3.36,class_4
41.23,16.96,3.92,class_4
41.23,16.97,2.53,class_4
41.24,16.96,2.41,class_4
41.25,16.95,2.06,class_3
41.4,8.68,2.32,class_4
41.41,8.68,2.45,class_4
41.41,8.69,2.96,class_4
41.42,8.69,2.29,class_4
41.42,8.7,2.93,class_4
41.43,8.7,1.89,class_3
41.44,8.71,2.83,class_4
41.45,8.71,2.79,class_4
41.45,8.72,1.66,class_3
41.46,8.72,1.89,class_3
41.46,8.73,2.56,class_4
41.47,8.73,1.42,class_3
41.48,8.74,2.18,class_3
41.49,8.74,2.34,class_4
41.49,8.75,1.45,class_3
41.5,8.75,1.97,class_3
41.5,8.76,2.36,class_4
41.51,8.76,2.43,class_4
41.51,8.77,2.98,class_4
41.52,8.77,2.54,class_4
41.53,8.77,2.16,class_3
41.53,8.78,2.83,class_4
41.54,8.78,2.28,class_3
41.54,8.79,3.14,class_4
41.55,8.79,2.16,class_3
41.6,19.52,2.02,class_3
41.61,19.51,2.18,class_3
41.62,19.5,3.55,class_4
41.62,19.51,2.74,class_4
41.63,19.49,2.74,class_4
41.63,19.5,3.46,class_4
41.64,19.49,3.49,class_4
41.65,19.48,3.06,class_4
41.66,19.47,3.7,class_4
41.66,19.48,3.2,class_4
41.67,19.46,4.0,class_4
41.67,19.47,3.41,class_4
41.68,19.46,3.44,class_4
41.69,19.45,3.51,class_4
41.7,19.44,3.7,class_4
41.7,19.45,3.23,class_4
41.71,19.43,3.36,class_4
41.71,19.44,2.96,class_4
41.72,19.42,3.17,class_4
41.72,19.43,3.52,class_4
41.73,-8.93,2.39,class_4
41.73,19.42,3.17,class_4
41.74,-8.94,2.54,class_4
41.74,-8.93,3.29,class_4
41.74,19.41,2.75,class_4
41.74,19.42,2.84,class_4
41.75,-8.94,1.68,class_3
41.75,19.4,2.68,class_4
41.75,19.41,2.7,class_4
41.76,-8.95,2.54,class_4
41.76,-8.94,3.59,class_4
41.76,19.39,2.08,class_3
41.76,19.4,3.14,class_4
41.77,-8.96,2.06,class_3
41.77,-8.95,1.1,class_3
41.77,19.39,3.13,class_4
41.78,-8.97,2.44,class_4
41.78,-8.96,2.32,class_4
41.78,19.38,3.44,class_4
41.79,-8.97,3.1,class_4
41.79,19.37,3.85,class_4
41.79,19.38,4.32,class_4
41.8,-8.98,2.86,class_4
41.8,19.36,5.02,class_5
41.8,19.37,4.11,class_4
41.81,-8.99,3.07,class_4
41.81,-8.98,1.8,class_3
41.81,19.36,4.02,class_4
41.82,-9.0,2.67,class_4
41.82,-8.99,1.71,class_3
41.83,-9.01,3.36,class_4
41.83,-9.0,3.1,class_4
41.84,-9.01,1.95,class_3
41.84,11.85,2.98,class_4
41.85,-9.02,2.24,class_3
41.85,-9.01,1.58,class_3
41.85,11.86,2.94,class_4
41.86,-9.02,0.77,class_3
41.86,11.86,3.4,class_4
41.86,11.87,2.77,class_4
41.87,11.87,2.98,class_4
41.87,11.88,2.48,class_4
41.88,11.88,2.94,class_4
41.89,11.89,3.24,class_4
41.9,11.89,4.22,class_4
41.9,11.9,3.16,class_4
41.91,11.9,2.83,class_4
41.91,11.91,4.14,class_4
41.92,11.91,3.69,class_4
41.92,11.92,2.63,class_4
41.93,11.92,3.2,class_4
41.94,11.92,3.83,class_4
41.94,11.93,3.28,class_4
41.95,11.93,3.25,class_4
41.95,11.94,3.36,class_4
41.96,11.94,3.42,class_4
41.96,11.95,3.38,class_4
41.97,11.95,2.26,class_3
42.46,18.01,1.45,class_3
42.47,18.01,2.61,class_4
42.47,18.02,2.07,class_3
42.48,18.02,1.82,class_3
42.49,18.03,1.7,class_3
42.5,18.03,3.46,class_4
42.5,18.04,2.35,class_4
42.51,18.04,2.37,class_4
42.51,18.05,1.75,class_3
42.52,18.05,2.22,class_3
42.52,18.06,1.5,class_3
42.53,18.06,1.93,class_3
42.54,18.07,1.23,class_3
42.55,9.57,0.49,class_3
42.55,9.58,-0.45,class_2
42.55,18.07,1.44,class_3
42.55,18.08,1.44,class_3
42.56,9.58,-0.42,class_2
42.56,18.08,1.64,class_3
42.56,18.09,1.96,class_3
42.57,9.59,0.96,class_3
42.57,18.09,1.72,class_3
42.57,18.1,2.14,class_3
42.58,9.59,-0.85,class_2
42.58,9.6,0.71,class_3
42.58,18.1,1.48,class_3
42.59,9.6,0.06,class_2
42.59,9.61,0.66,class_3
42.59,18.11,1.92,class_3
42.6,9.61,0.99,class_3
42.6,9.62,1.25,class_3
42.6,18.11,2.96,class_4
42.61,9.62,0.62,class_3
42.62,9.63,1.01,class_3
42.63,9.63,0.06,class_2
42.63,9.64,1.45,class_3
42.64,9.64,1.32,class_3
42.64,9.65,1.19,class_3
42.65,9.65,0.56,class_3
42.65,9.66,2.07,class_3
42.66,9.66,1.55,class_3
42.67,9.67,1.95,class_3
43.22,4.44,3.68,class_4
43.22,4.45,3.65,class_4
43.23,4.45,3.69,class_4
43.23,4.46,3.29,class_4
43.24,4.46,3.13,class_4
43.24,4.47,2.03,class_3
43.25,4.47,3.4,class_4
43.26,4.48,4.28,class_4
43.27,4.48,2.56,class_4
43.27,4.49,3.5,class_4
43.28,4.49,3.34,class_4
43.28,4.5,3.11,class_4
43.29,4.5,3.06,class_4
43.29,4.51,2.3,class_4
43.3,4.51,2.34,class_4
43.31,4.52,3.27,class_4
43.32,4.53,4.2,class_4
43.33,3.97,2.89,class_4
43.33,4.53,3.93,class_4
43.33,4.54,2.85,class_4
43.33,10.21,2.92,class_4
43.33,15.87,2.78,class_4
43.33,15.88,3.2,class_4
43.34,3.96,2.9,class_4
43.34,3.97,2.96,class_4
43.34,4.54,2.1,class_3
43.34,10.21,2.72,class_4
43.34,10.22,1.61,class_3
43.34,15.88,2.36,class_4
43.34,15.89,3.63,class_4
43.35,3.95,3.12,class_4
43.35,3.96,2.19,class_3
43.35,10.22,2.57,class_4
43.35,15.89,2.86,class_4
43.36,3.94,2.74,class_4
43.36,3.95,2.6,class_4
43.36,10.23,2.93,class_4
43.36,15.9,2.26,class_3
43.37,3.94,2.92,class_4
43.37,10.24,3.19,class_4
43.37,15.91,2.77,class_4
43.38,3.93,2.15,class_3
43.38,10.24,2.95,class_4
43.38,10.25,3.75,class_4
43.38,15.91,2.86,class_4
43.38,15.92,1.76,class_3
43.39,3.92,2.02,class_3
43.39,3.93,2.69,class_4
43.39,10.25,2.86,class_4
43.39,10.26,2.73,class_4
43.39,15.92,2.0,class_3
43.39,15.93,2.76,class_4
43.4,3.91,1.04,class_3
43.4,3.92,1.88,class_3
43.4,10.26,3.07,class_4
43.4,10.27,1.97,class_3
43.4,15.93,2.42,class_4
43.4,15.94,2.43,class_4
43.41,3.9,0.76,class_3
43.41,3.91,2.27,class_3
43.41,10.27,2.6,class_4
43.41,10.28,1.88,class_3
43.41,15.94,3.02,class_4
43.41,15.95,3.49,class_4
43.42,-1.77,1.34,class_3
43.42,3.9,1.81,class_3
43.42,10.28,2.52,class_4
43.42,15.95,3.1,class_4
43.43,-1.78,1.77,class_3
43.43,3.89,1.51,class_3
43.43,10.29,2.62,class_4
43.43,15.95,2.85,class_4
43.43,15.96,2.37,class_4
43.44,-4.62,3.56,class_4
43.44,-1.79,3.37,class_4
43.44,-1.78,2.71,class_4
43.44,3.88,1.66,class_3
43.44,3.89,1.56,class_3
43.44,10.29,1.5,class_3
43.44,10.3,2.46,class_4
43.44,15.96,2.38,class_4
43.44,15.97,2.52,class_4
43.45,-4.63,3.05,class_4
43.45,-1.8,4.21,class_4
43.45,-1.79,2.75,class_4
43.45,3.87,1.17,class_3
43.45,3.88,1.8,class_3
43.45,10.3,1.75,class_3
43.45,10.31,2.77,class_4
43.45,15.97,2.39,class_4
43.45,15.98,2.08,class_3
43.46,-4.64,2.35,class_4
43.46,-1.81,3.26,class_4
43.46,-1.8,3.48,class_4
43.46,10.31,0.26,class_3
43.46,10.32,1.56,class_3
43.46,15.98,1.57,class_3
43.46,15.99,3.72,class_4
43.47,-4.65,3.0,class_4
43.47,-4.64,2.41,class_4
43.47,-1.82,3.49,class_4
43.47,-1.81,3.4,class_4
43.47,15.99,2.6,class_4
43.48,-4.66,2.33,class_4
43.48,-4.65,2.14,class_3
43.48,-1.82,3.2,class_4
43.49,-4.67,2.46,class_4
43.49,-4.66,1.99,class_3
43.49,-1.83,4.78,class_5
43.5,-4.68,2.65,class_4
43.5,-4.67,1.79,class_3
43.5,-1.84,4.48,class_5
43.5,-1.83,3.38,class_4
43.51,-4.68,2.38,class_4
43.51,-1.85,3.24,class_4
43.51,-1.84,3.61,class_4
43.52,-4.69,2.26,class_3
43.52,-1.86,3.49,class_4
43.52,-1.85,3.02,class_4
43.53,-4.7,1.96,class_3
43.53,-4.69,2.69,class_4
43.53,-1.86,4.12,class_4
43.54,-4.71,2.71,class_4
43.54,-4.7,2.2,class_3
43.54,-1.87,4.11,class_4
43.55,-4.72,1.05,class_3
43.55,-4.71,2.49,class_4
43.55,-1.88,3.79,class_4
43.56,-4.72,2.24,class_3
43.64,7.63,1.13,class_3
43.65,7.63,0.55,class_3
43.65,7.64,0.92,class_3
43.66,7.64,1.58,class_3
43.66,7.65,1.4,class_3
43.67,7.65,1.8,class_3
43.67,7.66,2.05,class_3
43.68,7.66,1.21,class_3
43.68,7.67,1.59,class_3
43.69,7.67,1.44,class_3
43.7,7.68,0.95,class_3
43.71,7.68,0.89,class_3
43.71,7.69,1.02,class_3
43.72,7.69,1.3,class_3
43.72,7.7,1.5,class_3
43.73,7.7,0.92,class_3
43.73,7.71,0.02,class_2
43.74,7.71,0.17,class_2
43.74,7.72,0.53,class_3
43.75,7.72,-0.16,class_2
43.76,7.73,-0.38,class_2
43.78,-7.74,1.9,class_3
43.79,-7.75,3.27,class_4
43.79,-7.74,3.16,class_4
43.8,-7.76,2.12,class_3
43.8,-7.75,1.54,class_3
43.81,-7.77,2.62,class_4
43.81,-7.76,3.05,class_4
43.82,-7.78,2.87,class_4
43.82,-7.77,2.94,class_4
43.83,-7.78,3.88,class_4
43.84,-7.79,2.88,class_4
43.85,-7.8,2.1,class_3
43.85,-7.79,1.47,class_3
43.86,-7.81,2.89,class_4
43.86,-7.8,1.86,class_3
43.87,-7.82,2.24,class_3
43.87,-7.81,2.7,class_4
43.88,-7.83,4.33,class_4
43.88,-7.82,3.11,class_4
43.89,-7.84,2.01,class_3
43.89,-7.83,2.36,class_4
43.9,-7.84,2.56,class_4
43.91,-7.85,2.87,class_4
44.66,14.17,1.06,class_3
44.67,14.18,1.8,class_3
44.68,14.16,1.92,class_3
44.68,14.17,1.36,class_3
44.68,14.18,1.2,class_3
44.68,14.19,0.95,class_3
44.69,14.15,2.04,class_3
44.69,14.16,2.06,class_3
44.69,14.19,2.24,class_3
44.69,14.2,1.56,class_3
44.7,14.14,3.05,class_4
44.7,14.15,2.78,class_4
44.7,14.2,1.55,class_3
44.7,14.21,1.5,class_3
44.71,14.13,2.9,class_4
44.71,14.14,3.04,class_4
44.71,14.21,2.06,class_3
44.71,14.22,1.85,class_3
44.72,14.13,1.35,class_3
44.72,14.22,2.34,class_4
44.72,14.23,1.04,class_3
44.73,14.11,0.96,class_3
44.73,14.12,1.09,class_3
44.73,14.23,1.63,class_3
44.73,14.24,1.27,class_3
44.74,14.11,1.45,class_3
44.74,14.24,1.19,class_3
44.75,14.1,2.3,class_4
44.75,14.25,1.13,class_3
44.76,14.09,1.29,class_3
44.76,14.1,0.87,class_3
44.76,14.25,0.42,class_3
44.76,14.26,0.26,class_3
44.77,14.08,1.55,class_3
44.77,14.09,1.07,class_3
44.77,14.26,1.36,class_3
44.77,14.27,1.24,class_3
44.78,14.07,2.57,class_4
44.78,14.08,0.96,class_3
44.78,14.27,2.49,class_4
44.78,14.28,1.4,class_3
44.79,14.28,0.81,class_3
44.79,14.29,1.3,class_3
44.8,14.29,0.65,class_3
45.47,13.45,2.55,class_4
45.48,13.44,2.14,class_3
45.48,13.45,3.25,class_4
45.49,13.44,2.65,class_4
45.5,13.43,2.59,class_4
45.51,13.42,2.3,class_4
45.51,13.43,1.98,class_3
45.52,13.41,2.7,class_4
45.53,13.4,2.01,class_3
45.53,13.41,2.54,class_4
45.54,13.39,1.96,class_3
45.54,13.4,1.24,class_3
45.55,13.38,1.46,class_3
45.55,13.39,2.08,class_3
45.56,13.37,2.74,class_4
45.56,13.38,2.14,class_3
45.57,13.36,2.73,class_4
45.57,13.37,2.08,class_3
45.58,13.35,2.21,class_3
45.58,13.36,1.56,class_3
45.59,13.34,1.95,class_3
45.59,13.35,2.03,class_3
45.6,13.34,2.3,class_4
45.61,13.33,2.36,class_4
45.62,13.32,2.66,class_4
45.63,13.31,2.84,class_4
45.64,13.3,3.29,class_4
45.64,13.31,2.44,class_4
45.65,13.29,2.36,class_4
45.65,13.3,1.96,class_3
45.66,13.28,3.22,class_4
45.66,13.29,2.03,class_3
46.03,-1.24,3.6,class_4
46.03,-1.23,2.71,class_4
46.04,-1.24,4.81,class_5
46.05,-1.25,4.07,class_4
46.06,-1.26,3.81,class_4
46.07,-1.27,3.91,class_4
46.08,-1.28,3.73,class_4
46.08,-1.27,3.55,class_4
46.09,-1.29,3.54,class_4
46.09,-1.28,4.11,class_4
46.28,-1.47,1.48,class_3
46.28,-1.46,4.49,class_5
46.29,-1.48,0.11,class_2
46.29,-1.47,-0.9,class_2
46.3,-1.49,1.89,class_3
46.3,-1.48,1.92,class_3
46.31,-1.5,1.72,class_3
46.31,-1.49,1.16,class_3
46.32,-1.51,1.24,class_3
46.32,-1.5,2.38,class_4
46.33,-1.52,0.45,class_3
46.33,-1.51,0.64,class_3
46.34,-1.53,-1.71,class_2
46.34,-1.52,-0.84,class_2
46.35,-1.53,-0.59,class_2
47.05,-2.21,3.18,class_4
47.06,-2.22,3.14,class_4
47.07,-2.23,2.55,class_4
47.08,-2.24,2.4,class_4
47.08,-2.23,2.89,class_4
47.09,-2.25,0.44,class_3
47.1,-2.26,0.79,class_3
47.14,-2.3,2.31,class_4
47.15,-2.31,2.54,class_4
47.16,-2.32,3.51,class_4
47.16,-2.31,3.04,class_4
47.17,-2.33,2.64,class_4
47.18,-2.34,1.86,class_3
47.18,-2.33,1.09,class_3
47.19,-2.35,0.68,class_3
47.2,-2.36,1.92,class_3
47.2,-2.35,1.11,class_3
47.21,-2.37,2.33,class_4
47.21,-2.36,-0.57,class_2
47.4,-3.11,3.47,class_4
47.4,-3.1,2.87,class_4
47.41,-3.1,2.26,class_3
47.41,-3.09,2.77,class_4
47.42,-3.09,1.96,class_3
47.42,-3.08,1.36,class_3
47.43,-3.08,0.17,class_2
47.43,-3.07,0.14,class_2
47.44,-3.07,2.06,class_3
47.44,-3.06,3.21,class_4
47.45,-3.06,5.42,class_5
47.45,-3.05,4.68,class_5
47.46,-3.05,6.06,class_5
47.46,-3.04,6.42,class_5
47.47,-3.04,2.91,class_4
47.47,-3.03,-1.2,class_2
47.48,-3.03,1.7,class_3
47.48,-3.02,1.5,class_3
47.49,-3.02,2.27,class_3
47.49,-3.01,2.74,class_4
47.5,-3.01,1.49,class_3
47.5,-3.0,1.46,class_3
47.51,-3.0,1.0,class_3
47.51,-2.99,-0.04,class_2
47.52,-2.99,1.03,class_3
47.52,-2.98,0.67,class_3
47.53,-2.98,1.08,class_3
48.78,-4.0,3.21,class_4
48.79,-4.01,2.84,class_4
48.79,-4.0,3.84,class_4
48.8,-4.02,2.97,class_4
48.8,-4.01,4.56,class_5
48.81,-4.03,2.96,class_4
48.81,-4.02,3.16,class_4
48.82,-4.04,2.76,class_4
48.82,-4.03,3.91,class_4
48.83,-4.05,2.75,class_4
48.83,-4.04,3.0,class_4
48.84,-4.06,3.79,class_4
48.84,-4.05,3.95,class_4
48.85,-4.07,3.21,class_4
48.85,-4.06,1.9,class_3
48.86,-4.08,2.9,class_4
48.87,-4.1,3.56,class_4
48.87,-4.09,2.16,class_3
48.88,-4.1,3.11,class_4
48.89,-4.12,3.31,class_4
48.89,-4.11,3.73,class_4
48.9,-4.13,4.29,class_4
48.9,-4.12,3.1,class_4
49.44,-0.95,2.29,class_4
49.44,-0.94,1.27,class_3
49.45,-0.94,0.67,class_3
49.45,-0.93,1.08,class_3
49.46,-0.93,1.94,class_3
49.46,-0.92,2.24,class_3
49.47,-0.92,4.93,class_5
49.47,-0.91,3.22,class_4
49.48,-0.91,2.82,class_4
49.48,-0.9,3.15,class_4
49.49,-1.94,2.88,class_4
49.49,-0.89,1.94,class_3
49.5,-1.96,4.29,class_4
49.5,-1.95,2.67,class_4
49.5,-0.88,2.56,class_4
49.5,-0.87,1.27,class_3
49.51,-1.97,2.82,class_4
49.51,-1.96,3.12,class_4
49.51,-0.87,2.25,class_3
49.51,-0.86,3.34,class_4
49.52,-1.98,3.0,class_4
49.52,-1.97,1.15,class_3
49.52,-0.86,2.86,class_4
49.52,-0.85,1.78,class_3
49.53,-1.99,2.49,class_4
49.53,-1.98,2.41,class_4
49.53,-0.85,3.26,class_4
49.53,-0.84,1.55,class_3
49.54,-2.0,1.32,class_3
49.54,-1.99,2.18,class_3
49.54,-0.84,3.02,class_4
49.54,-0.83,2.2,class_3
49.55,-2.01,1.13,class_3
49.55,-2.0,0.64,class_3
49.55,-0.83,1.98,class_3
49.55,-0.82,1.48,class_3
49.56,-2.02,1.7,class_3
49.56,-2.01,1.13,class_3
49.57,-2.03,1.36,class_3
49.58,-2.05,2.12,class_3
49.58,-2.04,1.68,class_3
49.59,-2.06,1.69,class_3
49.59,-2.05,1.57,class_3
49.6,-2.06,1.89,class_3
49.85,0.48,-0.47,class_2
49.86,0.47,2.97,class_4
49.86,0.48,2.59,class_4
49.87,0.46,2.01,class_3
49.87,0.47,0.51,class_3
49.88,0.45,2.03,class_3
49.89,0.43,2.06,class_3
49.89,0.44,2.57,class_4
49.9,0.42,2.36,class_4
49.9,0.43,2.91,class_4
49.91,0.41,2.72,class_4
49.91,0.42,2.93,class_4
49.92,0.4,3.57,class_4
49.92,0.41,3.1,class_4
49.93,0.39,2.84,class_4
49.93,0.4,2.94,class_4
49.94,0.38,2.98,class_4
49.94,0.39,2.6,class_4
49.95,0.37,2.34,class_4
49.95,0.38,2.66,class_4
49.96,0.35,2.14,class_3
49.96,0.36,1.48,class_3
49.97,0.35,2.1,class_3
50.42,-2.65,2.14,class_3
50.43,-2.64,2.49,class_4
50.43,-2.63,2.49,class_4
50.44,-2.63,2.62,class_4
50.44,-2.62,3.6,class_4
50.45,-2.62,3.26,class_4
50.45,-2.61,3.66,class_4
50.46,-2.61,4.28,class_4
50.46,-2.6,2.97,class_4
50.47,-2.6,3.36,class_4
50.47,-2.59,3.41,class_4
50.48,-2.58,3.08,class_4
50.48,-2.57,2.94,class_4
50.49,-2.57,2.82,class_4
50.49,-2.56,2.88,class_4
50.5,-2.56,2.56,class_4
50.5,-2.55,2.07,class_3
50.51,-2.55,2.38,class_4
50.51,-2.54,4.14,class_4
50.52,-2.54,1.83,class_3
50.52,-2.53,2.58,class_4
50.53,-2.52,2.88,class_4
50.53,-2.51,3.84,class_4
50.54,-2.51,3.19,class_4
50.54,-2.5,3.52,class_4
50.64,-0.45,1.87,class_3
50.65,-0.46,3.42,class_4
50.65,-0.45,2.68,class_4
50.66,-0.47,1.1,class_3
50.66,-0.46,1.81,class_3
50.67,-0.48,1.75,class_3
50.68,-0.5,0.3,class_3
50.68,-0.49,1.38,class_3
50.69,-0.51,0.4,class_3
50.69,-0.5,1.03,class_3
50.7,-0.52,2.54,class_4
50.7,-0.51,2.5,class_4
50.71,-0.53,2.32,class_4
50.71,-0.52,1.22,class_3
50.72,-0.54,1.75,class_3
50.72,-0.53,1.73,class_3
50.72,0.55,3.34,class_4
50.73,-0.56,0.37,class_3
50.73,-0.55,1.96,class_3
50.73,0.55,3.56,class_4
50.73,0.56,3.78,class_4
50.74,-0.57,0.74,class_3
50.74,-0.56,1.51,class_3
50.74,0.56,4.84,class_5
50.74,0.57,3.94,class_4
50.75,-0.58,0.67,class_3
50.75,-0.57,1.38,class_3
50.75,0.58,2.76,class_4
50.75,0.59,4.78,class_5
50.76,-0.58,0.78,class_3
50.76,0.59,3.33,class_4
50.76,0.6,3.66,class_4
50.77,0.6,3.8,class_4
50.77,0.61,3.75,class_4
50.78,0.61,4.04,class_4
50.78,0.62,3.58,class_4
50.79,0.62,3.79,class_4
50.79,0.63,4.59,class_5
50.8,0.64,3.79,class_4
50.8,0.65,3.48,class_4
50.81,0.65,2.94,class_4
50.81,0.66,2.54,class_4
50.82,0.66,3.14,class_4
50.82,0.67,3.95,class_4
50.83,0.67,5.22,class_5
50.83,0.68,4.91,class_5
50.84,0.68,4.79,class_5
50.84,0.69,5.74,class_5
51.28,-4.07,1.5,class_3
51.28,-4.06,2.06,class_3
51.29,-4.08,1.8,class_3
51.29,-4.07,1.1,class_3
51.3,-4.09,2.99,class_4
51.3,-4.08,1.82,class_3
51.31,-4.1,2.22,class_3
51.31,-4.09,2.11,class_3
51.32,-4.12,2.04,class_3
51.32,-4.11,1.38,class_3
51.33,-4.13,3.05,class_4
51.33,-4.12,2.6,class_4
51.34,-4.14,3.64,class_4
51.34,-4.13,2.62,class_4
51.35,-4.15,1.97,class_3
51.36,-4.17,2.01,class_3
51.36,-4.16,2.44,class_4
51.37,-4.18,1.42,class_3
51.37,-4.17,3.08,class_4
51.39,-9.97,1.54,class_3
51.39,-9.96,1.26,class_3
51.39,-4.29,0.9,class_3
51.4,-9.96,0.94,class_3
51.4,-9.95,1.52,class_3
51.4,-4.29,1.15,class_3
51.4,-4.28,0.26,class_3
51.41,-9.95,1.78,class_3
51.41,-9.94,1.04,class_3
51.41,-4.28,1.48,class_3
51.41,-4.27,1.44,class_3
51.42,-9.94,1.08,class_3
51.42,-9.93,1.74,class_3
51.42,-9.92,1.2,class_3
51.42,-4.27,1.38,class_3
51.42,-4.26,1.98,class_3
51.43,-9.92,2.39,class_4
51.43,-9.91,1.87,class_3
51.43,-4.25,1.03,class_3
51.43,-4.24,-0.12,class_2
51.44,-9.91,2.16,class_3
51.44,-9.9,1.42,class_3
51.44,-4.24,0.57,class_3
51.44,-4.23,1.26,class_3
51.45,-9.9,0.32,class_3
51.45,-9.89,0.69,class_3
51.45,-4.23,2.01,class_3
51.45,-4.22,1.35,class_3
51.46,-9.88,1.67,class_3
51.46,-4.21,2.32,class_4
51.47,-9.87,1.63,class_3
51.47,-9.86,2.33,class_4
51.47,-4.2,1.26,class_3
51.47,-4.19,1.86,class_3
51.48,-9.86,3.0,class_4
51.48,-9.85,2.46,class_4
51.48,-4.19,0.84,class_3
51.48,-4.18,1.02,class_3
51.49,-9.85,1.44,class_3
51.49,-4.18,0.66,class_3
51.49,-4.17,0.98,class_3
51.5,-9.83,1.66,class_3
51.5,-9.82,4.79,class_5
51.5,-4.16,-1.02,class_2
51.5,-4.15,0.17,class_2
51.51,-9.82,4.83,class_5
51.51,-9.81,2.35,class_4
51.51,-4.15,-0.49,class_2
51.52,-9.81,2.29,class_4
52.03,-5.03,3.52,class_4
52.03,-5.02,1.01,class_3
52.04,-5.04,1.73,class_3
52.04,-5.03,1.75,class_3
52.05,-5.06,0.75,class_3
52.05,-5.05,1.67,class_3
52.06,-5.07,1.31,class_3
52.06,-5.06,1.92,class_3
52.07,-5.08,1.77,class_3
52.07,-5.07,1.08,class_3
52.08,-5.09,1.48,class_3
52.08,-5.08,0.8,class_3
52.09,-5.11,3.05,class_4
52.09,-5.1,1.78,class_3
52.1,-5.12,0.96,class_3
52.1,-5.11,1.06,class_3
52.11,-5.14,1.16,class_3
52.11,-5.13,1.56,class_3
52.11,-5.12,1.36,class_3
52.12,-5.15,1.39,class_3
52.12,-5.14,1.94,class_3
52.13,-5.16,1.08,class_3
52.13,-5.15,1.42,class_3
52.14,-5.17,0.64,class_3
52.14,-5.16,0.56,class_3
52.15,-5.19,0.31,class_3
52.15,-5.18,2.35,class_4
52.16,-5.2,1.22,class_3
52.16,-5.19,1.2,class_3
53.04,0.73,-0.87,class_2
53.04,0.74,1.35,class_3
53.05,0.74,0.95,class_3
53.05,0.75,1.71,class_3
53.06,0.75,0.6,class_3
53.06,0.76,1.05,class_3
53.07,0.77,1.74,class_3
53.07,0.78,1.04,class_3
53.08,0.78,0.92,class_3
53.08,0.79,1.22,class_3
53.09,0.8,1.08,class_3
53.09,0.81,0.72,class_3
53.1,0.81,1.88,class_3
53.1,0.82,2.79,class_4
53.11,0.82,2.35,class_4
53.11,0.83,2.74,class_4
53.12,0.84,1.97,class_3
53.12,0.85,1.78,class_3
53.13,0.85,3.19,class_4
53.13,0.86,2.27,class_3
53.14,0.86,3.23,class_4
53.25,-10.31,2.34,class_4
53.25,-10.3,2.09,class_3
53.26,-10.3,1.2,class_3
53.26,-10.29,1.76,class_3
53.27,-10.29,1.88,class_3
53.27,-10.28,1.34,class_3
53.28,-10.27,2.53,class_4
53.28,-10.26,1.0,class_3
53.29,-10.26,2.23,class_3
53.29,-10.25,1.66,class_3
53.3,-10.24,0.76,class_3
53.3,-10.23,0.56,class_3
53.3,-3.94,-3.92,class_1
53.31,-10.23,2.18,class_3
53.31,-10.22,1.45,class_3
53.31,-3.95,-2.42,class_1
53.31,-3.94,-2.27,class_1
53.32,-10.22,1.82,class_3
53.32,-10.21,1.22,class_3
53.32,-3.96,-1.53,class_2
53.32,-3.95,-1.12,class_2
53.33,-10.2,1.34,class_3
53.33,-10.19,1.02,class_3
53.33,-3.98,-0.04,class_2
53.33,-3.97,1.21,class_3
53.34,-10.19,1.71,class_3
53.34,-10.18,1.3,class_3
53.34,-3.99,-0.77,class_2
53.34,-3.98,-0.33,class_2
53.35,-10.17,1.33,class_3
53.35,-10.16,0.41,class_3
53.35,-4.01,0.03,class_2
53.35,-4.0,-0.12,class_2
53.36,-10.16,0.54,class_3
53.36,-10.15,0.52,class_3
53.36,-4.02,0.7,class_3
53.36,-4.01,-0.12,class_2
53.37,-4.04,2.09,class_3
53.37,-4.03,-0.22,class_2
53.37,-4.02,0.01,class_2
53.38,-4.05,-0.1,class_2
53.38,-4.04,-0.63,class_2
53.39,-4.07,0.65,class_3
53.39,-4.06,-0.12,class_2
53.39,-4.05,-0.48,class_2
53.4,-4.08,-0.19,class_2
53.4,-4.07,0.37,class_3
53.41,-4.09,0.64,class_3
53.41,-4.08,0.28,class_3
53.42,-4.1,0.95,class_3
53.63,-10.08,3.44,class_4
53.64,-10.1,1.63,class_3
53.64,-10.09,2.36,class_4
53.65,-10.11,1.6,class_3
53.65,-10.1,1.61,class_3
53.66,-10.13,1.48,class_3
53.66,-10.12,1.81,class_3
53.66,-10.11,2.27,class_3
53.67,-10.14,3.07,class_4
53.67,-10.13,2.68,class_4
53.68,-10.16,0.54,class_3
53.68,-10.15,2.02,class_3
53.68,-10.14,2.18,class_3
53.69,-10.17,0.97,class_3
53.69,-10.16,2.24,class_3
53.7,-10.18,1.86,class_3
53.7,-10.17,2.56,class_4
53.7,6.82,3.86,class_4
53.71,-10.2,2.64,class_4
53.71,-10.19,1.71,class_3
53.71,6.81,5.0,class_5
53.71,6.82,3.42,class_4
53.72,-10.21,2.2,class_3
53.72,-10.2,1.79,class_3
53.72,6.79,4.08,class_4
53.72,6.8,4.2,class_4
53.73,-10.23,0.9,class_3
53.73,-10.22,0.98,class_3
53.73,6.78,4.29,class_4
53.73,6.79,4.72,class_5
53.74,-10.24,2.42,class_4
53.74,-10.23,0.96,class_3
53.74,6.76,4.06,class_4
53.74,6.77,3.78,class_4
53.75,-10.25,2.82,class_4
53.75,6.75,4.16,class_4
53.75,6.76,3.53,class_4
53.76,6.73,4.95,class_5
53.76,6.74,4.34,class_4
53.76,6.75,5.05,class_5
53.77,6.72,4.65,class_5
53.77,6.73,4.51,class_5
53.78,6.7,4.15,class_4
53.78,6.71,3.68,class_4
53.78,6.72,5.6,class_5
53.79,6.69,3.98,class_4
53.79,6.7,4.4,class_5
53.79,7.48,0.22,class_3
53.79,7.49,3.34,class_4
53.8,6.68,4.52,class_5
53.8,7.49,1.2,class_3
53.8,7.5,1.8,class_3
53.81,7.5,1.39,class_3
53.81,7.51,1.85,class_3
53.81,7.52,3.42,class_4
53.82,7.52,2.86,class_4
53.82,7.53,3.41,class_4
53.83,7.53,3.19,class_4
53.83,7.54,2.69,class_4
53.83,7.55,3.55,class_4
53.84,7.55,3.83,class_4
53.84,7.56,3.49,class_4
53.85,7.57,3.39,class_4
53.85,7.58,3.69,class_4
53.86,7.58,2.06,class_3
53.86,7.59,1.56,class_3
53.87,7.59,2.58,class_4
53.87,7.6,2.52,class_4
53.87,7.61,3.51,class_4
53.88,7.61,4.36,class_5
53.88,7.62,3.58,class_4
53.89,7.62,2.83,class_4
53.89,7.63,2.74,class_4
53.89,7.64,2.12,class_3
53.9,7.64,2.25,class_3
54.03,-3.5,1.61,class_3
54.03,-3.49,2.23,class_3
54.04,-3.49,0.03,class_2
54.04,-3.48,0.8,class_3
54.05,-3.48,1.36,class_3
54.05,-3.47,2.27,class_3
54.05,-3.46,1.69,class_3
54.06,-3.46,2.53,class_4
54.06,-3.45,1.08,class_3
54.07,-3.44,0.35,class_3
54.07,-3.43,-0.2,class_2
54.08,-3.43,-1.4,class_2
54.08,-3.42,-0.85,class_2
54.09,-3.41,-0.03,class_2
54.09,-3.4,0.18,class_2
54.1,-3.4,1.19,class_3
54.1,-3.39,2.14,class_3
54.11,-3.38,1.68,class_3
54.11,-3.37,0.96,class_3
54.12,-3.37,1.28,class_3
54.12,-3.36,0.58,class_3
54.21,-5.28,1.64,class_3
54.22,-5.3,2.15,class_3
54.22,-5.29,0.98,class_3
54.22,-5.28,1.06,class_3
54.23,-5.31,0.95,class_3
54.23,-5.3,2.44,class_4
54.24,-5.33,0.64,class_3
54.24,-5.32,2.1,class_3
54.24,-5.31,0.06,class_2
54.25,-5.34,1.16,class_3
54.25,-5.33,1.96,class_3
54.26,-5.36,0.56,class_3
54.26,-5.35,1.28,class_3
54.26,-5.34,1.09,class_3
54.27,-5.37,0.43,class_3
54.27,-5.36,0.46,class_3
54.28,-5.39,1.84,class_3
54.28,-5.38,1.22,class_3
54.28,-5.37,1.63,class_3
54.29,-5.4,0.57,class_3
54.29,-5.39,0.89,class_3
54.3,-5.42,0.93,class_3
54.3,-5.41,1.34,class_3
54.31,-5.43,0.63,class_3
54.31,-5.42,1.41,class_3
54.32,-5.44,1.08,class_3
54.47,-8.52,0.08,class_2
54.47,-8.51,0.43,class_3
54.48,-8.53,1.41,class_3
54.48,-8.52,-0.27,class_2
54.49,-8.55,1.97,class_3
54.49,-8.54,2.25,class_3
54.5,-8.56,0.3,class_3
54.5,-8.55,1.96,class_3
54.5,-8.44,2.68,class_4
54.51,-8.58,0.95,class_3
54.51,-8.57,1.45,class_3
54.51,-8.56,1.46,class_3
54.51,-8.44,2.68,class_4
54.51,-8.43,1.58,class_3
54.52,-8.59,2.03,class_3
54.52,-8.58,1.26,class_3
54.52,-8.42,2.64,class_4
54.52,-8.41,3.52,class_4
54.53,-8.61,1.9,class_3
54.53,-8.6,2.75,class_4
54.53,-8.41,2.22,class_3
54.53,-8.4,1.58,class_3
54.53,-8.39,3.0,class_4
54.54,-8.62,2.05,class_3
54.54,-8.61,2.8,class_4
54.54,-8.39,1.04,class_3
54.54,-8.38,2.16,class_3
54.55,-8.64,1.65,class_3
54.55,-8.63,2.78,class_4
54.55,-8.37,-0.08,class_2
54.55,-8.36,1.89,class_3
54.56,-8.66,1.66,class_3
54.56,-8.65,2.11,class_3
54.56,-8.64,2.38,class_4
54.56,-8.36,2.58,class_4
54.56,-8.35,1.8,class_3
54.57,-8.67,2.35,class_4
54.57,-8.66,1.26,class_3
54.57,-8.34,1.9,class_3
54.57,-8.33,1.02,class_3
54.58,-8.69,3.94,class_4
54.58,-8.68,1.84,class_3
54.58,-8.33,0.87,class_3
54.59,-8.69,1.54,class_3
54.71,-5.28,0.69,class_3
54.72,-5.27,1.18,class_3
54.72,-5.26,-0.24,class_2
54.73,-5.26,0.42,class_3
54.73,-5.25,0.5,class_3
54.73,-5.24,0.76,class_3
54.74,-5.24,0.93,class_3
54.74,-5.23,1.79,class_3
54.75,-5.22,0.84,class_3
54.75,-5.21,2.05,class_3
54.76,-5.21,1.02,class_3
54.76,-5.2,0.59,class_3
54.77,-5.19,0.45,class_3
54.77,-5.18,0.72,class_3
54.78,-5.18,-0.15,class_2
54.78,-5.17,0.81,class_3
54.78,-5.16,-0.2,class_2
54.79,-5.16,1.04,class_3
54.79,-5.15,0.3,class_3
54.8,-5.14,-0.12,class_2
54.8,-5.13,1.4,class_3
54.81,-5.13,2.47,class_4
54.81,-5.12,0.53,class_3
54.81,-5.11,0.83,class_3
54.82,-5.11,1.85,class_3
55.32,-1.46,1.1,class_3
55.32,-1.45,-0.06,class_2
55.33,-1.45,2.94,class_4
55.33,-1.44,2.16,class_3
55.33,-1.43,1.55,class_3
55.34,-1.43,-0.42,class_2
55.34,-1.42,0.41,class_3
55.35,-1.41,0.67,class_3
55.35,-1.4,1.28,class_3
55.36,-1.4,1.51,class_3
55.36,-1.39,1.55,class_3
55.36,-1.38,0.8,class_3
55.37,-1.38,-0.2,class_2
55.37,-1.37,0.53,class_3
55.38,-1.36,1.06,class_3
55.38,-1.35,1.77,class_3
55.39,-1.35,2.38,class_4
55.39,-1.34,1.41,class_3
55.39,-1.33,0.5,class_3
55.4,-1.33,0.92,class_3
55.4,-1.32,1.58,class_3
55.41,-1.31,1.05,class_3
55.41,-1.3,1.39,class_3
55.42,-1.3,1.93,class_3
55.55,-6.74,2.98,class_4
55.55,-6.73,1.19,class_3
55.56,-6.73,2.72,class_4
55.56,-6.72,1.88,class_3
55.57,-6.71,2.5,class_4
55.57,-6.7,1.5,class_3
55.58,-6.7,2.42,class_4
55.58,-6.69,1.7,class_3
55.58,-6.68,1.26,class_3
55.59,-6.68,0.64,class_3
55.59,-6.67,1.8,class_3
55.6,-6.66,-0.06,class_2
55.6,-6.65,0.21,class_2
55.61,-6.65,0.45,class_3
55.61,-6.64,0.31,class_3
55.61,-6.63,1.73,class_3
55.62,-6.63,1.86,class_3
55.62,-6.62,1.41,class_3
55.63,-6.61,1.08,class_3
55.63,-6.6,-0.12,class_2
55.64,-6.59,0.59,class_3
55.64,-6.58,0.43,class_3
55.65,-6.58,1.43,class_3
55.65,-6.57,1.48,class_3
55.65,-6.56,1.08,class_3
55.82,7.9,3.51,class_4
55.83,7.91,2.88,class_4
55.83,7.92,3.22,class_4
55.84,7.92,2.21,class_3
55.84,7.93,3.13,class_4
55.84,7.94,3.07,class_4
55.85,7.94,3.2,class_4
55.85,7.95,2.45,class_4
55.86,7.96,3.37,class_4
55.86,7.97,2.53,class_4
55.87,7.97,2.58,class_4
55.87,7.98,2.7,class_4
55.87,7.99,4.34,class_4
55.88,7.99,3.28,class_4
55.88,8.0,3.01,class_4
55.88,8.01,2.46,class_4
55.89,8.01,3.5,class_4
55.89,8.02,3.89,class_4
55.9,8.03,3.12,class_4
55.9,8.04,3.24,class_4
55.91,8.04,2.9,class_4
55.91,8.05,3.6,class_4
55.91,8.06,3.34,class_4
55.92,8.06,2.57,class_4
55.92,8.07,2.16,class_3
55.92,8.08,2.93,class_4
55.93,8.08,3.38,class_4
56.41,8.06,3.06,class_4
56.42,8.04,5.13,class_5
56.42,8.05,3.33,class_4
56.42,8.06,5.52,class_5
56.43,8.02,3.76,class_4
56.43,8.03,4.92,class_5
56.43,8.04,3.41,class_4
56.44,8.0,3.95,class_4
56.44,8.01,4.26,class_4
56.44,8.02,3.07,class_4
56.45,7.99,4.14,class_4
56.45,8.0,4.44,class_5
56.46,7.97,5.32,class_5
56.46,7.98,5.38,class_5
56.47,7.95,3.85,class_4
56.47,7.96,4.26,class_4
56.48,7.93,4.23,class_4
56.48,7.94,3.83,class_4
56.48,7.95,4.1,class_4
56.49,7.91,4.42,class_5
56.49,7.92,4.36,class_5
56.49,7.93,4.94,class_5
56.5,7.89,3.93,class_4
56.5,7.9,5.06,class_5
56.5,7.91,4.04,class_4
56.51,7.88,3.55,class_4
56.51,7.89,4.52,class_5
56.52,7.87,4.36,class_5
56.69,-6.63,2.18,class_3
56.69,-6.62,1.49,class_3
56.7,-6.65,0.61,class_3
56.7,-6.64,0.85,class_3
56.7,-6.63,3.82,class_4
56.71,-6.67,0.99,class_3
56.71,-6.66,2.2,class_3
56.71,-6.65,2.28,class_3
56.72,-6.68,2.78,class_4
56.72,-6.67,2.03,class_3
56.73,-6.7,1.86,class_3
56.73,-6.69,2.11,class_3
56.74,-6.72,1.61,class_3
56.74,-6.71,1.84,class_3
56.75,-6.74,1.54,class_3
56.75,-6.73,1.52,class_3
56.75,-6.72,0.7,class_3
56.76,-6.76,1.08,class_3
56.76,-6.75,1.39,class_3
56.77,-6.78,1.96,class_3
56.77,-6.77,1.89,class_3
56.77,-6.76,1.75,class_3
56.78,-6.8,1.9,class_3
56.78,-6.79,1.28,class_3
56.78,-6.78,3.22,class_4
56.79,-6.8,2.49,class_4
57.14,-6.69,2.96,class_4
57.14,-6.68,3.01,class_4
57.15,-6.68,1.66,class_3
57.15,-6.67,2.66,class_4
57.15,-6.66,1.41,class_3
57.16,-6.66,1.97,class_3
57.16,-6.65,2.19,class_3
57.17,-6.64,2.15,class_3
57.17,-6.63,2.78,class_4
57.18,-6.62,2.52,class_4
57.18,-6.61,1.79,class_3
57.19,-6.6,1.84,class_3
57.19,-6.59,2.63,class_4
57.2,-6.58,1.87,class_3
57.2,-6.57,2.51,class_4
57.21,-6.56,2.07,class_3
57.21,-6.55,3.37,class_4
57.21,9.38,3.01,class_4
57.21,9.39,2.97,class_4
57.22,-6.54,2.43,class_4
57.22,-6.53,2.12,class_3
57.22,9.36,3.26,class_4
57.22,9.37,2.3,class_4
57.22,9.38,2.98,class_4
57.23,-6.52,1.69,class_3
57.23,-6.51,1.56,class_3
57.23,9.35,4.15,class_4
57.23,9.36,3.4,class_4
57.24,-6.5,3.27,class_4
57.24,-6.49,2.26,class_3
57.24,9.33,3.56,class_4
57.24,9.34,4.39,class_5
57.25,-6.49,2.78,class_4
57.25,-6.48,2.67,class_4
57.25,9.3,3.85,class_4
57.25,9.31,3.24,class_4
57.25,9.32,3.82,class_4
57.26,9.29,3.19,class_4
57.26,9.3,3.92,class_4
57.27,9.27,3.64,class_4
57.27,9.28,3.06,class_4
57.28,9.25,2.34,class_4
57.28,9.26,3.51,class_4
57.29,9.23,3.27,class_4
57.29,9.24,3.57,class_4
57.3,9.21,3.22,class_4
57.3,9.22,3.5,class_4
57.72,-2.97,0.46,class_3
57.73,-2.99,0.77,class_3
57.73,-2.98,0.69,class_3
57.74,-3.01,1.82,class_3
57.74,-3.0,0.93,class_3
57.75,-5.87,0.08,class_2
57.75,-5.86,-0.43,class_2
57.75,-5.85,1.02,class_3
57.75,-3.04,0.87,class_3
57.75,-3.03,2.18,class_3
57.75,-3.02,0.57,class_3
57.76,-5.89,1.87,class_3
57.76,-5.88,1.97,class_3
57.76,-5.87,1.63,class_3
57.76,-3.05,0.61,class_3
57.76,-3.04,1.9,class_3
57.77,-5.91,1.27,class_3
57.77,-5.9,0.4,class_3
57.77,-5.89,1.48,class_3
57.77,-3.08,2.46,class_4
57.77,-3.07,1.3,class_3
57.77,-3.06,1.3,class_3
57.78,-5.93,0.56,class_3
57.78,-5.92,0.88,class_3
57.78,-3.1,0.59,class_3
57.78,-3.09,2.26,class_3
57.78,-3.08,4.23,class_4
57.79,-5.95,1.11,class_3
57.79,-5.94,1.55,class_3
57.79,-3.12,2.28,class_3
57.79,-3.11,1.93,class_3
57.79,-3.1,1.36,class_3
57.8,-5.97,0.96,class_3
57.8,-5.96,1.12,class_3
57.8,-5.95,1.26,class_3
57.8,-3.14,1.32,class_3
57.8,-3.13,0.72,class_3
57.8,-3.12,1.82,class_3
57.81,-5.99,0.92,class_3
57.81,-5.98,1.06,class_3
57.81,-3.16,1.72,class_3
57.81,-3.15,1.69,class_3
57.81,-3.14,-0.25,class_2
57.82,-6.01,-0.35,class_2
57.82,-6.0,1.59,class_3
57.82,-3.17,1.54,class_3
57.82,-3.16,0.22,class_3
57.83,-6.04,-1.02,class_2
57.83,-6.03,1.74,class_3
57.83,-6.02,1.25,class_3
57.84,-6.05,0.11,class_2
57.84,-6.04,0.75,class_3
57.85,-6.07,-0.39,class_2
57.85,-6.06,0.64,class_3
57.88,8.03,3.18,class_4
57.89,8.01,3.65,class_4
57.89,8.02,3.17,class_4
57.89,8.03,2.16,class_3
57.9,7.99,2.67,class_4
57.9,8.0,2.48,class_4
57.9,8.01,2.69,class_4
57.91,7.97,2.71,class_4
57.91,7.98,3.53,class_4
57.91,7.99,3.84,class_4
57.92,7.95,2.38,class_4
57.92,7.96,2.4,class_4
57.93,7.93,3.24,class_4
57.93,7.94,2.08,class_3
57.93,7.95,1.47,class_3
57.94,7.91,2.76,class_4
57.94,7.92,2.94,class_4
57.95,7.89,2.55,class_4
57.95,7.9,2.69,class_4
57.96,7.86,0.88,class_3
57.96,7.87,4.04,class_4
57.96,7.88,3.69,class_4
57.97,6.33,2.75,class_4
57.97,7.84,2.63,class_4
57.97,7.85,2.45,class_4
57.97,7.86,1.64,class_3
57.98,6.33,3.14,class_4
57.98,6.34,2.05,class_3
57.98,6.35,2.18,class_3
57.98,7.83,3.31,class_4
57.98,7.84,2.66,class_4
57.99,6.35,2.66,class_4
57.99,6.36,2.49,class_4
57.99,6.37,1.71,class_3
58.0,6.38,1.75,class_3
58.0,6.39,1.14,class_3
58.01,6.4,1.79,class_3
58.01,6.41,1.01,class_3
58.01,6.42,2.46,class_4
58.02,6.42,1.64,class_3
58.02,6.43,1.05,class_3
58.02,6.44,1.42,class_3
58.03,6.44,2.2,class_3
58.03,6.45,1.67,class_3
58.04,6.46,1.19,class_3
58.04,6.47,1.15,class_3
58.04,6.48,1.76,class_3
58.05,6.48,1.09,class_3
58.05,6.49,1.41,class_3
58.05,6.5,1.48,class_3
58.06,6.5,2.38,class_4
58.06,6.51,1.46,class_3
58.06,6.52,0.88,class_3
58.07,6.52,0.42,class_3
58.07,6.53,1.24,class_3
58.64,-4.95,2.15,class_3
58.64,-4.94,2.16,class_3
58.65,-4.97,4.0,class_4
58.65,-4.96,3.56,class_4
58.65,-4.95,5.56,class_5
58.66,-4.99,3.15,class_4
58.66,-4.98,3.2,class_4
58.66,-4.97,2.15,class_3
58.67,-5.01,3.11,class_4
58.67,-5.0,3.22,class_4
58.68,-5.04,2.62,class_4
58.68,-5.03,2.29,class_4
58.68,-5.02,1.24,class_3
58.69,-5.06,1.75,class_3
58.69,-5.05,1.86,class_3
58.69,-5.04,2.87,class_4
58.7,-5.08,2.58,class_4
58.7,-5.07,3.01,class_4
58.71,-5.11,3.34,class_4
58.71,-5.1,2.14,class_3
58.71,-5.09,2.95,class_4
58.72,-5.13,4.47,class_5
58.72,-5.12,2.55,class_4
58.72,-5.11,2.84,class_4
58.73,-5.15,1.68,class_3
58.73,-5.14,3.12,class_4
58.73,-5.13,3.18,class_4
58.74,-5.17,2.66,class_4
58.74,-5.16,3.24,class_4
58.76,5.2,1.82,class_3
58.76,5.21,2.09,class_3
58.76,5.22,2.32,class_4
58.77,5.22,3.0,class_4
58.77,5.23,2.21,class_3
58.77,5.24,2.67,class_4
58.78,5.25,3.45,class_4
58.78,5.26,2.3,class_4
58.78,5.27,2.55,class_4
58.79,5.27,2.12,class_3
58.79,5.28,1.46,class_3
58.79,5.29,1.48,class_3
58.8,5.29,0.96,class_3
58.8,5.3,1.05,class_3
58.8,5.31,1.72,class_3
58.81,5.32,1.44,class_3
58.81,5.33,2.68,class_4
58.81,5.34,2.6,class_4
58.82,5.34,0.84,class_3
58.82,5.35,1.68,class_3
58.82,5.36,2.06,class_3
58.83,5.36,3.22,class_4
58.83,5.37,1.19,class_3
58.83,5.38,0.98,class_3
58.84,5.38,1.16,class_3
58.84,5.39,0.9,class_3
58.84,5.4,2.06,class_3
58.85,5.41,1.74,class_3
58.85,5.42,1.23,class_3
58.85,5.43,-0.33,class_2
58.86,5.43,-0.92,class_2
58.86,5.44,0.72,class_3
58.86,5.45,1.84,class_3
59.75,4.77,1.84,class_3
59.76,4.77,1.7,class_3
59.76,4.78,1.84,class_3
59.76,4.79,3.1,class_4
59.77,4.79,2.72,class_4
59.77,4.8,2.12,class_3
59.77,4.81,2.42,class_4
59.77,4.82,3.49,class_4
59.78,4.82,1.31,class_3
59.78,4.83,1.9,class_3
59.78,4.84,1.19,class_3
59.79,4.85,1.09,class_3
59.79,4.86,1.24,class_3
59.79,4.87,0.95,class_3
59.8,4.87,1.51,class_3
59.8,4.88,2.8,class_4
59.8,4.89,2.98,class_4
59.8,4.9,2.03,class_3
59.81,4.9,3.64,class_4
59.81,4.91,2.47,class_4
59.81,4.92,1.7,class_3
59.82,4.93,2.4,class_4
59.82,4.94,1.91,class_3
59.83,4.95,3.76,class_4
59.83,4.96,2.46,class_4
59.83,4.97,3.24,class_4
59.84,4.97,0.99,class_3
59.84,4.98,2.35,class_4
59.84,4.99,2.81,class_4
59.84,5.0,3.83,class_4
59.85,5.0,2.38,class_4
59.85,5.01,2.24,class_3
